Opcode,Instruction,Operand/Extension,Section
DD ED 68 D,"LEA.L XHL, (XIX+d)",d (1B変位),6. 実効アドレス演算・スタック退避命令（PEA / LEA シリーズ）
DD ED 69 D,"LEA.L XDE, (XIX+d)",d (1B変位),6. 実効アドレス演算・スタック退避命令（PEA / LEA シリーズ）
DD ED 6A D,PEA.L (XIX+d),d (1B変位),6. 実効アドレス演算・スタック退避命令（PEA / LEA シリーズ）
ED 03,INC XBC,なし,3. 24ビット演算・データロード・ブロック転送命令（Xシリーズ）
ED 04,"LD BC_B, A",なし,2. 動作モード操作・バンクレジスタ個別操作命令
ED 09,"ADD XHL, XBC",なし,3. 24ビット演算・データロード・ブロック転送命令（Xシリーズ）
ED 0A,"SUB XHL, XBC",なし,3. 24ビット演算・データロード・ブロック転送命令（Xシリーズ）
ED 0B,DEC XBC,なし,3. 24ビット演算・データロード・ブロック転送命令（Xシリーズ）
ED 0C,"LD A, BC_B",なし,2. 動作モード操作・バンクレジスタ個別操作命令
ED 13,INC XDE,なし,3. 24ビット演算・データロード・ブロック転送命令（Xシリーズ）
ED 14,"LD DE_B, A",なし,2. 動作モード操作・バンクレジスタ個別操作命令
ED 18,JR.L offset16,"dl, dh",5. 無条件・条件付き 24ビット制御（分岐・コール・リターン）命令
ED 19,"ADD XHL, XDE",なし,3. 24ビット演算・データロード・ブロック転送命令（Xシリーズ）
ED 1A,"SUB XHL, XDE",なし,3. 24ビット演算・データロード・ブロック転送命令（Xシリーズ）
ED 1B,DEC XDE,なし,3. 24ビット演算・データロード・ブロック転送命令（Xシリーズ）
ED 1C,"LD A, DE_B",なし,2. 動作モード操作・バンクレジスタ個別操作命令
ED 20,JR.L NZ,"dl, dh",5. 無条件・条件付き 24ビット制御（分岐・コール・リターン）命令
ED 22,"LD (ext24), XHL","bl, bh, bn",3. 24ビット演算・データロード・ブロック転送命令（Xシリーズ）
ED 23,INC XHL,なし,3. 24ビット演算・データロード・ブロック転送命令（Xシリーズ）
ED 24,"LD HL_B, A",なし,2. 動作モード操作・バンクレジスタ個別操作命令
ED 28,"Z, offset16","dl, dh",5. 無条件・条件付き 24ビット制御（分岐・コール・リターン）命令
ED 29,"ADD XHL, XHL",なし,3. 24ビット演算・データロード・ブロック転送命令（Xシリーズ）
ED 2A,"LD XHL, (ext24)","bl, bh, bn",3. 24ビット演算・データロード・ブロック転送命令（Xシリーズ）
ED 2B,DEC XHL,なし,3. 24ビット演算・データロード・ブロック転送命令（Xシリーズ）
ED 2C,"LD A, HL_B",なし,2. 動作モード操作・バンクレジスタ個別操作命令
ED 30,JR.L NC,"dl, dh",5. 無条件・条件付き 24ビット制御（分岐・コール・リターン）命令
ED 31,"LD XSP, ext24","dl, dh, db",3. 24ビット演算・データロード・ブロック転送命令（Xシリーズ）
ED 32,"LD XHL, ext24","dl, dh, db",3. 24ビット演算・データロード・ブロック転送命令（Xシリーズ）
ED 33,INC XSP,なし,3. 24ビット演算・データロード・ブロック転送命令（Xシリーズ）
ED 34,"LD INT_B, A",なし,2. 動作モード操作・バンクレジスタ個別操作命令
ED 35,"LD MSP_B, A",なし,2. 動作モード操作・バンクレジスタ個別操作命令
ED 38,"C, offset16","dl, dh",5. 無条件・条件付き 24ビット制御（分岐・コール・リターン）命令
ED 39,"ADD XHL, XSP",なし,3. 24ビット演算・データロード・ブロック転送命令（Xシリーズ）
ED 3B,DEC XSP,なし,3. 24ビット演算・データロード・ブロック転送命令（Xシリーズ）
ED 3D,"CP XHL, XDE",なし,3. 24ビット演算・データロード・ブロック転送命令（Xシリーズ）
ED 47,"LD (XHL), XBC",なし,3. 24ビット演算・データロード・ブロック転送命令（Xシリーズ）
ED 48,"OUT (C), A",なし,7. Z80標準ブロック転送・I/O命令（周辺デバイス制御用リファレンス）
ED 4E,RETI.L,なし,5. 無条件・条件付き 24ビット制御（分岐・コール・リターン）命令
ED 4F,"LD XBC, (XHL)",なし,3. 24ビット演算・データロード・ブロック転送命令（Xシリーズ）
ED 57,"LD (XHL), XDE",なし,3. 24ビット演算・データロード・ブロック転送命令（Xシリーズ）
ED 5F,"LD XDE, (XHL)",なし,3. 24ビット演算・データロード・ブロック転送命令（Xシリーズ）
ED 6F,LDIR24,なし,3. 24ビット演算・データロード・ブロック転送命令（Xシリーズ）
ED 78,"IN A, (C)",なし,7. Z80標準ブロック転送・I/O命令（周辺デバイス制御用リファレンス）
ED 90,SET_M0,なし,2. 動作モード操作・バンクレジスタ個別操作命令
ED 91,SET_M1,なし,2. 動作モード操作・バンクレジスタ個別操作命令
ED 92,SET_M2,なし,2. 動作モード操作・バンクレジスタ個別操作命令
ED A0,LDI,なし,7. Z80標準ブロック転送・I/O命令（周辺デバイス制御用リファレンス）
ED A2,INI,なし,7. Z80標準ブロック転送・I/O命令（周辺デバイス制御用リファレンス）
ED A3,OUTI,なし,7. Z80標準ブロック転送・I/O命令（周辺デバイス制御用リファレンス）
ED A8,LDD,なし,7. Z80標準ブロック転送・I/O命令（周辺デバイス制御用リファレンス）
ED B0,LDIR,なし,7. Z80標準ブロック転送・I/O命令（周辺デバイス制御用リファレンス）
ED B2,INIR,なし,7. Z80標準ブロック転送・I/O命令（周辺デバイス制御用リファレンス）
ED B3,OTIR,なし,7. Z80標準ブロック転送・I/O命令（周辺デバイス制御用リファレンス）
ED B8,LDDR,なし,7. Z80標準ブロック転送・I/O命令（周辺デバイス制御用リファレンス）
ED C0,RET.L NZ,なし,5. 無条件・条件付き 24ビット制御（分岐・コール・リターン）命令
ED C1,POP XBC,なし,4. 3バイト PUSH / POP 命令（M2モード用）
ED C2,JP.L NZ,"bl, bh, bn",5. 無条件・条件付き 24ビット制御（分岐・コール・リターン）命令
ED C3,JP.L ext24,"bl, bh, bn",5. 無条件・条件付き 24ビット制御（分岐・コール・リターン）命令
ED C4,CALL.L NZ,"bl, bh, bn",5. 無条件・条件付き 24ビット制御（分岐・コール・リターン）命令
ED C5,PUSH XBC,なし,4. 3バイト PUSH / POP 命令（M2モード用）
ED C7,JR.L PO,"dl, dh",5. 無条件・条件付き 24ビット制御（分岐・コール・リターン）命令
ED C8,Z,なし,5. 無条件・条件付き 24ビット制御（分岐・コール・リターン）命令
ED C9,RET.L,なし,5. 無条件・条件付き 24ビット制御（分岐・コール・リターン）命令
ED CA,"Z, ext24","bl, bh, bn",5. 無条件・条件付き 24ビット制御（分岐・コール・リターン）命令
ED CC,"Z, ext24","bl, bh, bn",5. 無条件・条件付き 24ビット制御（分岐・コール・リターン）命令
ED CD,CALL.L ext24,"bl, bh, bn",5. 無条件・条件付き 24ビット制御（分岐・コール・リターン）命令
ED D0,RET.L NC,なし,5. 無条件・条件付き 24ビット制御（分岐・コール・リターン）命令
ED D1,POP XDE,なし,4. 3バイト PUSH / POP 命令（M2モード用）
ED D2,JP.L NC,"bl, bh, bn",5. 無条件・条件付き 24ビット制御（分岐・コール・リターン）命令
ED D4,CALL.L NC,"bl, bh, bn",5. 無条件・条件付き 24ビット制御（分岐・コール・リターン）命令
ED D5,PUSH XDE,なし,4. 3バイト PUSH / POP 命令（M2モード用）
ED D7,"PE, offset16","dl, dh",5. 無条件・条件付き 24ビット制御（分岐・コール・リターン）命令
ED D8,C,なし,5. 無条件・条件付き 24ビット制御（分岐・コール・リターン）命令
ED DA,"C, ext24","bl, bh, bn",5. 無条件・条件付き 24ビット制御（分岐・コール・リターン）命令
ED DC,"C, ext24","bl, bh, bn",5. 無条件・条件付き 24ビット制御（分岐・コール・リターン）命令
ED E0,RET.L PO,なし,5. 無条件・条件付き 24ビット制御（分岐・コール・リターン）命令
ED E1,POP XHL,なし,4. 3バイト PUSH / POP 命令（M2モード用）
ED E2,JP.L PO,"bl, bh, bn",5. 無条件・条件付き 24ビット制御（分岐・コール・リターン）命令
ED E4,CALL.L PO,"bl, bh, bn",5. 無条件・条件付き 24ビット制御（分岐・コール・リターン）命令
ED E5,PUSH XHL,なし,4. 3バイト PUSH / POP 命令（M2モード用）
ED E7,JR.L P,"dl, dh",5. 無条件・条件付き 24ビット制御（分岐・コール・リターン）命令
ED E8,PE,なし,5. 無条件・条件付き 24ビット制御（分岐・コール・リターン）命令
ED EA,"PE, ext24","bl, bh, bn",5. 無条件・条件付き 24ビット制御（分岐・コール・リターン）命令
ED EC,"PE, ext24","bl, bh, bn",5. 無条件・条件付き 24ビット制御（分岐・コール・リターン）命令
ED F0,RET.L P,なし,5. 無条件・条件付き 24ビット制御（分岐・コール・リターン）命令
ED F1,POP XAF,なし,4. 3バイト PUSH / POP 命令（M2モード用）
ED F2,JP.L P,"bl, bh, bn",5. 無条件・条件付き 24ビット制御（分岐・コール・リターン）命令
ED F4,CALL.L P,"bl, bh, bn",5. 無条件・条件付き 24ビット制御（分岐・コール・リターン）命令
ED F5,PUSH XAF,なし,4. 3バイト PUSH / POP 命令（M2モード用）
ED F7,"M, offset16","dl, dh",5. 無条件・条件付き 24ビット制御（分岐・コール・リターン）命令
ED F8,M,なし,5. 無条件・条件付き 24ビット制御（分岐・コール・リターン）命令
ED FA,"M, ext24","bl, bh, bn",5. 無条件・条件付き 24ビット制御（分岐・コール・リターン）命令
ED FC,"M, ext24","bl, bh, bn",5. 無条件・条件付き 24ビット制御（分岐・コール・リターン）命令
FD ED 68 D,"LEA.L XHL, (XIY+d)",d (1B変位),6. 実効アドレス演算・スタック退避命令（PEA / LEA シリーズ）
FD ED 6A D,PEA.L (XIY+d),d (1B変位),6. 実効アドレス演算・スタック退避命令（PEA / LEA シリーズ）
